scenario,mechanism,run,tx_packets,rx_packets,lost_packets,pdr_percent,min_flow_pdr_percent,mean_delay_ms,delay_p50_ms,delay_p95_ms,goodput_kbps,olsr_control_packets,olsr_control_bytes,normalized_overhead,recovery_seconds,next_hop_changes,route_unavailable_samples,signal_transitions,failure_transitions,recoveries,disrupted_node
A,baseline,101,8975,8975,0,100.000000,100.000000,1.790500,2.000000,2.000000,408.462222,784,78800,0.017148,-1.000000,0,0,0,0,0,-1
A,baseline,102,8981,8803,178,98.018038,97.842527,23.440584,9.000000,21.000000,400.634311,824,80680,0.017901,-1.000000,8,0,0,0,0,-1
A,baseline,103,8995,8777,218,97.576431,95.663776,4.699162,2.000000,3.000000,399.451022,832,81144,0.018057,-1.000000,4,0,0,0,0,-1
A,baseline,104,8781,8604,177,97.984284,97.233378,8.928911,8.000000,19.000000,391.577600,790,79876,0.018132,-1.000000,8,15,0,0,0,-1
A,baseline,105,8985,8982,3,99.966611,99.955466,1.895640,2.000000,2.000000,408.780800,820,79992,0.017394,-1.000000,0,0,0,0,0,-1
A,baseline,106,8963,8963,0,100.000000,100.000000,1.796123,2.000000,2.000000,407.916089,780,78736,0.017157,-1.000000,0,0,0,0,0,-1
A,baseline,107,8981,8980,1,99.988865,99.977703,1.841338,2.000000,2.000000,408.689778,822,80100,0.017422,-1.000000,1,0,0,0,0,-1
A,baseline,108,8975,8878,97,98.919220,98.906494,2.534415,2.000000,2.000000,404.047644,792,79512,0.017492,-1.000000,4,0,0,0,0,-1
A,baseline,109,8980,8980,0,100.000000,100.000000,1.802876,2.000000,2.000000,408.689778,784,78820,0.017143,-1.000000,1,0,0,0,0,-1
A,baseline,110,8977,8977,0,100.000000,100.000000,1.794570,2.000000,2.000000,408.553244,826,80316,0.017474,-1.000000,0,0,0,0,0,-1
A,baseline,111,8993,8993,0,100.000000,100.000000,1.790717,2.000000,2.000000,409.281422,803,79432,0.017251,-1.000000,1,0,0,0,0,-1
A,baseline,112,8955,8955,0,100.000000,100.000000,1.818906,2.000000,2.000000,407.552000,796,79660,0.017374,-1.000000,5,0,0,0,0,-1
A,baseline,113,8974,8974,0,100.000000,100.000000,1.798063,2.000000,2.000000,408.416711,770,78256,0.017032,-1.000000,0,0,0,0,0,-1
A,baseline,114,8984,8984,0,100.000000,100.000000,1.860378,2.000000,2.000000,408.871822,786,78776,0.017126,-1.000000,0,0,0,0,0,-1
A,baseline,115,8967,8967,0,100.000000,100.000000,1.820707,2.000000,2.000000,408.098133,797,79804,0.017382,-1.000000,0,0,0,0,0,-1
A,baseline,116,8970,8970,0,100.000000,100.000000,1.810421,2.000000,2.000000,408.234667,819,80436,0.017514,-1.000000,2,0,0,0,0,-1
A,baseline,117,8968,8920,48,99.464764,98.927853,2.145828,2.000000,2.000000,405.959111,824,80124,0.017544,-1.000000,1,0,0,0,0,-1
A,baseline,118,8969,8968,1,99.988850,99.977664,1.824355,2.000000,2.000000,408.143644,782,78700,0.017140,-1.000000,5,0,0,0,0,-1
A,baseline,119,8971,8971,0,100.000000,100.000000,1.823847,2.000000,2.000000,408.280178,851,81696,0.017786,-1.000000,4,0,0,0,0,-1
A,baseline,120,8978,8978,0,100.000000,100.000000,1.868797,2.000000,2.000000,408.598756,811,79956,0.017394,-1.000000,0,0,0,0,0,-1
A,adaptive,101,8975,8975,0,100.000000,100.000000,1.790500,2.000000,2.000000,408.462222,784,78800,0.017148,-1.000000,0,0,0,0,0,-1
A,adaptive,102,8981,8803,178,98.018038,97.842527,23.440584,9.000000,21.000000,400.634311,824,80680,0.017901,-1.000000,8,0,0,0,0,-1
A,adaptive,103,8995,8777,218,97.576431,95.663776,4.699162,2.000000,3.000000,399.451022,832,81144,0.018057,-1.000000,4,0,0,0,0,-1
A,adaptive,104,8781,8604,177,97.984284,97.233378,8.928911,8.000000,19.000000,391.577600,790,79876,0.018132,-1.000000,8,15,0,0,0,-1
A,adaptive,105,8985,8982,3,99.966611,99.955466,1.895640,2.000000,2.000000,408.780800,820,79992,0.017394,-1.000000,0,0,0,0,0,-1
A,adaptive,106,8963,8963,0,100.000000,100.000000,1.796123,2.000000,2.000000,407.916089,780,78736,0.017157,-1.000000,0,0,0,0,0,-1
A,adaptive,107,8981,8980,1,99.988865,99.977703,1.841338,2.000000,2.000000,408.689778,822,80100,0.017422,-1.000000,1,0,0,0,0,-1
A,adaptive,108,8975,8878,97,98.919220,98.906494,2.534415,2.000000,2.000000,404.047644,792,79512,0.017492,-1.000000,4,0,0,0,0,-1
A,adaptive,109,8980,8980,0,100.000000,100.000000,1.802876,2.000000,2.000000,408.689778,784,78820,0.017143,-1.000000,1,0,0,0,0,-1
A,adaptive,110,8977,8977,0,100.000000,100.000000,1.794570,2.000000,2.000000,408.553244,826,80316,0.017474,-1.000000,0,0,0,0,0,-1
A,adaptive,111,8993,8993,0,100.000000,100.000000,1.790717,2.000000,2.000000,409.281422,803,79432,0.017251,-1.000000,1,0,0,0,0,-1
A,adaptive,112,8955,8955,0,100.000000,100.000000,1.818906,2.000000,2.000000,407.552000,796,79660,0.017374,-1.000000,5,0,0,0,0,-1
A,adaptive,113,8974,8974,0,100.000000,100.000000,1.798063,2.000000,2.000000,408.416711,770,78256,0.017032,-1.000000,0,0,0,0,0,-1
A,adaptive,114,8984,8984,0,100.000000,100.000000,1.860378,2.000000,2.000000,408.871822,786,78776,0.017126,-1.000000,0,0,0,0,0,-1
A,adaptive,115,8967,8967,0,100.000000,100.000000,1.820707,2.000000,2.000000,408.098133,797,79804,0.017382,-1.000000,0,0,0,0,0,-1
A,adaptive,116,8970,8970,0,100.000000,100.000000,1.810421,2.000000,2.000000,408.234667,819,80436,0.017514,-1.000000,2,0,0,0,0,-1
A,adaptive,117,8968,8920,48,99.464764,98.927853,2.145828,2.000000,2.000000,405.959111,824,80124,0.017544,-1.000000,1,0,0,0,0,-1
A,adaptive,118,8969,8968,1,99.988850,99.977664,1.824355,2.000000,2.000000,408.143644,782,78700,0.017140,-1.000000,5,0,0,0,0,-1
A,adaptive,119,8971,8971,0,100.000000,100.000000,1.823847,2.000000,2.000000,408.280178,851,81696,0.017786,-1.000000,4,0,0,0,0,-1
A,adaptive,120,8978,8978,0,100.000000,100.000000,1.868797,2.000000,2.000000,408.598756,811,79956,0.017394,-1.000000,0,0,0,0,0,-1
B,baseline,101,8975,8688,287,96.802228,93.595180,2.027624,2.000000,3.000000,395.400533,794,76664,0.017235,0.000000,4,0,0,0,0,9
B,baseline,102,8981,8651,330,96.325576,94.283808,9.738370,8.000000,19.000000,393.716622,854,80100,0.018084,1.000000,8,0,0,0,0,6
B,baseline,103,8995,8696,299,96.675931,94.419742,2.378417,2.000000,3.000000,395.764622,851,79436,0.017841,0.000000,2,0,0,0,0,9
B,baseline,104,8781,8524,257,97.073226,95.024543,8.419891,8.000000,19.000000,387.936711,809,78140,0.017904,0.000000,8,15,0,0,0,6
B,baseline,105,8985,8696,289,96.783528,93.569203,2.372577,2.000000,2.000000,395.764622,840,78752,0.017688,0.000000,3,0,0,0,0,6
B,baseline,106,8963,8711,252,97.188441,94.378764,1.982165,2.000000,2.000000,396.447289,793,76900,0.017242,0.000000,1,0,0,0,0,9
B,baseline,107,8981,8735,246,97.260884,94.572954,2.012666,2.000000,2.000000,397.539556,829,78100,0.017463,0.000000,4,0,0,0,0,9
B,baseline,108,8975,8624,351,96.089136,92.256193,3.180874,2.000000,2.000000,392.487822,806,77688,0.017594,0.000000,3,0,0,0,0,6
B,baseline,109,8980,8708,272,96.971047,93.936692,2.011764,2.000000,2.000000,396.310756,802,77032,0.017278,0.000000,3,0,0,0,0,6
B,baseline,110,8977,8651,326,96.368497,92.718338,2.355376,2.000000,2.000000,393.716622,835,78836,0.017799,0.000000,1,0,0,0,0,6
B,baseline,111,8993,8743,250,97.220060,94.438265,1.987562,2.000000,2.000000,397.903644,808,77268,0.017261,0.000000,2,0,0,0,0,6
B,baseline,112,8955,8804,151,98.313791,96.628712,2.652560,2.000000,2.000000,400.679822,810,78008,0.017306,0.000000,6,0,0,0,0,9
B,baseline,113,8974,8808,166,98.150212,96.309471,1.982417,2.000000,2.000000,400.861867,787,76628,0.016992,0.000000,1,0,0,0,0,9
B,baseline,114,8984,8739,245,97.272930,94.591587,2.065552,2.000000,2.000000,397.721600,805,77488,0.017318,0.000000,1,0,0,0,0,6
B,baseline,115,8967,8721,246,97.256608,94.512603,2.043709,2.000000,3.000000,396.902400,806,77620,0.017384,0.000000,4,0,0,0,0,9
B,baseline,116,8970,8732,238,97.346711,94.688686,2.700422,2.000000,2.000000,397.403022,836,78404,0.017537,0.000000,3,0,0,0,0,9
B,baseline,117,8968,8681,287,96.799732,93.589457,2.339098,2.000000,3.000000,395.081956,837,78620,0.017689,0.000000,3,0,0,0,0,9
B,baseline,118,8969,8711,258,97.123425,94.237212,1.997970,2.000000,2.000000,396.447289,800,76896,0.017241,0.000000,3,0,0,0,0,6
B,baseline,119,8971,8714,257,97.135213,94.272342,2.001567,2.000000,2.000000,396.583822,849,79164,0.017744,0.000000,3,0,0,0,0,6
B,baseline,120,8978,8713,265,97.048340,94.084821,2.064462,2.000000,2.000000,396.538311,827,78008,0.017486,0.000000,1,0,0,0,0,9
B,adaptive,101,8975,8688,287,96.802228,93.595180,1.999922,2.000000,2.000000,395.400533,874,82396,0.018523,0.000000,1,0,1,0,0,9
B,adaptive,102,8844,8477,367,95.850294,92.475338,15.177575,8.000000,20.000000,385.797689,942,85312,0.019656,0.000000,3,11,1,0,0,6
B,adaptive,103,8995,8694,301,96.653696,94.375278,2.360245,2.000000,3.000000,395.673600,1096,98220,0.022065,0.000000,2,0,3,0,0,9
B,adaptive,104,8781,8709,72,99.180048,98.511282,8.640455,8.000000,19.000000,396.356267,967,88516,0.019851,0.000000,9,15,2,0,0,6
B,adaptive,105,8978,8680,298,96.680775,93.447738,2.366291,2.000000,2.000000,395.036444,1050,94792,0.021330,0.000000,1,1,2,0,0,6
B,adaptive,106,8963,8709,254,97.166127,94.334151,1.991881,2.000000,2.000000,396.356267,878,82560,0.018515,0.000000,1,0,1,0,0,9
B,adaptive,107,8981,8708,273,96.960249,93.972420,2.232448,2.000000,3.000000,396.310756,1032,95192,0.021351,0.000000,6,0,2,0,0,9
B,adaptive,108,8975,8624,351,96.089136,92.256193,3.096765,2.000000,3.000000,392.487822,971,91372,0.020694,0.000000,3,0,2,0,0,6
B,adaptive,109,8980,8708,272,96.971047,93.936692,2.008932,2.000000,3.000000,396.310756,895,83176,0.018656,0.000000,3,0,1,0,0,6
B,adaptive,110,8977,8675,302,96.635847,93.254411,2.224654,2.000000,3.000000,394.808889,1009,90588,0.020395,0.000000,3,0,3,0,0,6
B,adaptive,111,8993,8742,251,97.208940,94.416018,1.992747,2.000000,2.000000,397.858133,975,88380,0.019746,0.000000,2,0,3,0,0,6
B,adaptive,112,8955,8804,151,98.313791,96.628712,2.858577,2.000000,3.000000,400.679822,1025,93772,0.020803,0.000000,6,0,3,0,0,9
B,adaptive,113,8974,8808,166,98.150212,96.309471,1.998918,2.000000,2.000000,400.861867,1001,92292,0.020465,0.000000,1,0,3,0,0,9
B,adaptive,114,8984,8741,243,97.295191,94.591587,2.064292,2.000000,2.000000,397.812622,891,83356,0.018625,0.000000,1,0,1,0,0,6
B,adaptive,115,8967,8719,248,97.234304,94.467990,2.061233,2.000000,3.000000,396.811378,976,91504,0.020498,0.000000,4,0,2,0,0,9
B,adaptive,116,8970,8730,240,97.324415,94.688686,2.706334,2.000000,2.000000,397.312000,1022,92728,0.020746,0.000000,3,0,2,0,0,9
B,adaptive,117,8968,8706,262,97.078501,94.147867,2.514602,2.000000,2.000000,396.219733,1020,92880,0.020837,0.000000,5,0,2,0,0,9
B,adaptive,118,8969,8710,259,97.112276,94.214876,2.010533,2.000000,2.000000,396.401778,942,86064,0.019299,0.000000,3,0,2,0,0,6
B,adaptive,119,8971,8665,306,96.589009,94.294629,2.388767,2.000000,2.000000,394.353778,968,86540,0.019506,0.000000,4,0,2,0,0,6
B,adaptive,120,8978,8713,265,97.048340,94.084821,2.073144,2.000000,2.000000,396.538311,918,84212,0.018877,0.000000,1,0,1,0,0,9
C,baseline,101,8975,8751,224,97.504178,95.001116,1.989394,2.000000,2.000000,398.267733,788,74684,0.016669,5.000000,1,0,0,0,0,9
C,baseline,102,8981,8578,403,95.512749,94.372776,10.527038,9.000000,20.000000,390.394311,835,76524,0.017424,7.000000,3,0,0,0,0,6
C,baseline,103,8995,8706,289,96.787104,94.642063,2.681317,2.000000,2.000000,396.219733,839,76936,0.017260,5.000000,2,0,0,0,0,9
C,baseline,104,8781,8223,558,93.645371,88.621151,8.479489,8.000000,19.000000,374.237867,784,74996,0.017813,8.000000,11,15,0,0,0,6
C,baseline,105,8985,8531,454,94.947134,93.079662,5.770413,2.000000,3.000000,388.255289,819,75668,0.017324,5.000000,7,0,0,0,0,6
C,baseline,106,8963,8683,280,96.876046,93.754182,2.508253,2.000000,2.000000,395.172978,778,74392,0.016733,6.000000,1,0,0,0,0,9
C,baseline,107,8981,8714,267,97.027057,94.083630,2.207146,2.000000,2.000000,396.583822,813,75432,0.016907,6.000000,4,0,0,0,0,9
C,baseline,108,8975,8719,256,97.147632,94.309306,3.062112,2.000000,2.000000,396.811378,791,74960,0.016792,4.000000,3,0,0,0,0,6
C,baseline,109,8980,8735,245,97.271715,94.538564,2.001452,2.000000,2.000000,397.539556,788,74680,0.016698,5.000000,3,0,0,0,0,6
C,baseline,110,8977,8739,238,97.348780,94.683940,1.995952,2.000000,2.000000,397.721600,830,76272,0.017046,5.000000,1,0,0,0,0,6
C,baseline,111,8993,8763,230,97.442455,94.883204,2.006521,2.000000,2.000000,398.813867,806,75368,0.016798,5.000000,2,0,0,0,0,6
C,baseline,112,8955,8740,215,97.599107,95.199821,2.708882,2.000000,3.000000,397.767111,792,75400,0.016850,5.000000,6,0,0,0,0,9
C,baseline,113,8974,8729,245,97.269891,94.553135,1.997412,2.000000,2.000000,397.266489,778,74468,0.016662,5.000000,1,0,0,0,0,9
C,baseline,114,8984,8760,224,97.506679,95.014467,2.079469,2.000000,2.000000,398.677333,784,74708,0.016657,5.000000,1,0,0,0,0,6
C,baseline,115,8967,8674,293,96.732463,93.464198,5.254587,2.000000,3.000000,394.763378,806,76068,0.017128,5.000000,5,0,0,0,0,9
C,baseline,116,8970,8755,215,97.603122,95.246597,2.659314,2.000000,2.000000,398.449778,827,76368,0.017037,5.000000,3,0,0,0,0,9
C,baseline,117,8968,8706,262,97.078501,94.147867,3.105731,2.000000,2.000000,396.219733,831,76224,0.017100,5.000000,2,0,0,0,0,6
C,baseline,118,8969,8691,278,96.900435,93.790485,2.343297,2.000000,2.000000,395.537067,782,74436,0.016728,6.000000,3,0,0,0,0,6
C,baseline,119,8971,8660,311,96.533274,93.938043,2.640356,2.000000,3.000000,394.126222,842,76584,0.017272,6.000000,4,0,0,0,0,6
C,baseline,120,8978,8715,263,97.070617,94.129464,2.213518,2.000000,2.000000,396.629333,814,75796,0.016987,6.000000,1,0,0,0,0,9
C,adaptive,101,8975,8725,250,97.214485,94.420888,2.174083,2.000000,2.000000,397.084444,860,79676,0.017836,5.000000,1,0,0,1,0,9
C,adaptive,102,8981,6856,2125,76.338938,58.060201,8.853271,8.000000,18.000000,312.024178,896,80948,0.023060,36.000000,6,0,0,1,0,6
C,adaptive,103,8995,8707,288,96.798221,94.664295,2.678577,2.000000,2.000000,396.265244,911,81852,0.018361,5.000000,2,0,0,1,0,9
C,adaptive,104,8781,8522,259,97.050450,95.314592,10.053471,8.000000,20.000000,387.845689,856,79944,0.018322,4.000000,9,15,0,1,0,6
C,adaptive,105,8985,8624,361,95.982193,93.524700,3.604540,2.000000,2.000000,392.487822,888,80464,0.018223,6.000000,3,0,0,1,0,6
C,adaptive,106,8963,8717,246,97.255383,94.512603,1.982081,2.000000,2.000000,396.720356,851,79400,0.017790,5.000000,1,0,0,1,0,9
C,adaptive,107,8981,8730,251,97.205211,94.661922,2.377531,2.000000,2.000000,397.312000,883,80308,0.017967,5.000000,2,0,0,1,0,9
C,adaptive,108,8975,8718,257,97.136490,94.309306,3.141337,2.000000,2.000000,396.765867,866,80008,0.017924,4.000000,3,0,0,1,0,6
C,adaptive,109,8980,8734,246,97.260579,94.516273,2.016257,2.000000,2.000000,397.494044,860,79672,0.017817,5.000000,3,0,0,1,0,6
C,adaptive,110,8977,8739,238,97.348780,94.683940,1.999980,2.000000,2.000000,397.721600,899,81036,0.018111,5.000000,1,0,0,1,0,6
C,adaptive,111,8993,8763,230,97.442455,94.883204,2.004876,2.000000,2.000000,398.813867,875,80116,0.017857,5.000000,4,0,0,1,0,6
C,adaptive,112,8955,8740,215,97.599107,95.199821,2.723873,2.000000,3.000000,397.767111,864,80392,0.017965,5.000000,6,0,0,1,0,9
C,adaptive,113,8974,8729,245,97.269891,94.553135,1.979752,2.000000,2.000000,397.266489,850,79524,0.017794,5.000000,1,0,0,1,0,9
C,adaptive,114,8984,8758,226,97.484417,94.992210,2.076690,2.000000,2.000000,398.586311,857,79688,0.017771,5.000000,1,0,0,1,0,6
C,adaptive,115,8967,8740,227,97.468496,94.936427,2.068187,2.000000,3.000000,397.767111,873,80912,0.018081,5.000000,3,0,0,1,0,9
C,adaptive,116,8970,8711,259,97.112598,94.242357,2.551947,2.000000,2.000000,396.447289,898,81332,0.018236,6.000000,5,0,0,1,0,9
C,adaptive,117,8958,8696,262,97.075240,94.134766,3.126351,2.000000,3.000000,395.764622,913,81688,0.018347,5.000000,4,0,0,1,0,6
C,adaptive,118,8969,8715,254,97.168023,94.326558,2.213410,2.000000,3.000000,396.629333,861,79840,0.017893,5.000000,5,0,0,1,0,6
C,adaptive,119,8971,8707,264,97.057184,95.007800,2.309538,2.000000,3.000000,396.265244,913,81568,0.018297,5.000000,4,0,0,1,0,6
C,adaptive,120,8978,8741,237,97.360214,94.709821,2.058252,2.000000,2.000000,397.812622,886,80848,0.018065,5.000000,1,0,0,1,0,9
