scenario,run,metric,adaptive_minus_baseline
A,101,pdr_percent,0.0
A,101,min_flow_pdr_percent,0.0
A,101,delay_p50_ms,0.0
A,101,delay_p95_ms,0.0
A,101,goodput_kbps,0.0
A,101,normalized_overhead,0.0
A,101,recovery_seconds,0.0
A,101,next_hop_changes,0.0
A,101,route_unavailable_samples,0.0
A,101,signal_transitions,0.0
A,101,failure_transitions,0.0
A,101,recoveries,0.0
A,102,pdr_percent,0.0
A,102,min_flow_pdr_percent,0.0
A,102,delay_p50_ms,0.0
A,102,delay_p95_ms,0.0
A,102,goodput_kbps,0.0
A,102,normalized_overhead,0.0
A,102,recovery_seconds,0.0
A,102,next_hop_changes,0.0
A,102,route_unavailable_samples,0.0
A,102,signal_transitions,0.0
A,102,failure_transitions,0.0
A,102,recoveries,0.0
A,103,pdr_percent,0.0
A,103,min_flow_pdr_percent,0.0
A,103,delay_p50_ms,0.0
A,103,delay_p95_ms,0.0
A,103,goodput_kbps,0.0
A,103,normalized_overhead,0.0
A,103,recovery_seconds,0.0
A,103,next_hop_changes,0.0
A,103,route_unavailable_samples,0.0
A,103,signal_transitions,0.0
A,103,failure_transitions,0.0
A,103,recoveries,0.0
A,104,pdr_percent,0.0
A,104,min_flow_pdr_percent,0.0
A,104,delay_p50_ms,0.0
A,104,delay_p95_ms,0.0
A,104,goodput_kbps,0.0
A,104,normalized_overhead,0.0
A,104,recovery_seconds,0.0
A,104,next_hop_changes,0.0
A,104,route_unavailable_samples,0.0
A,104,signal_transitions,0.0
A,104,failure_transitions,0.0
A,104,recoveries,0.0
A,105,pdr_percent,0.0
A,105,min_flow_pdr_percent,0.0
A,105,delay_p50_ms,0.0
A,105,delay_p95_ms,0.0
A,105,goodput_kbps,0.0
A,105,normalized_overhead,0.0
A,105,recovery_seconds,0.0
A,105,next_hop_changes,0.0
A,105,route_unavailable_samples,0.0
A,105,signal_transitions,0.0
A,105,failure_transitions,0.0
A,105,recoveries,0.0
A,106,pdr_percent,0.0
A,106,min_flow_pdr_percent,0.0
A,106,delay_p50_ms,0.0
A,106,delay_p95_ms,0.0
A,106,goodput_kbps,0.0
A,106,normalized_overhead,0.0
A,106,recovery_seconds,0.0
A,106,next_hop_changes,0.0
A,106,route_unavailable_samples,0.0
A,106,signal_transitions,0.0
A,106,failure_transitions,0.0
A,106,recoveries,0.0
A,107,pdr_percent,0.0
A,107,min_flow_pdr_percent,0.0
A,107,delay_p50_ms,0.0
A,107,delay_p95_ms,0.0
A,107,goodput_kbps,0.0
A,107,normalized_overhead,0.0
A,107,recovery_seconds,0.0
A,107,next_hop_changes,0.0
A,107,route_unavailable_samples,0.0
A,107,signal_transitions,0.0
A,107,failure_transitions,0.0
A,107,recoveries,0.0
A,108,pdr_percent,0.0
A,108,min_flow_pdr_percent,0.0
A,108,delay_p50_ms,0.0
A,108,delay_p95_ms,0.0
A,108,goodput_kbps,0.0
A,108,normalized_overhead,0.0
A,108,recovery_seconds,0.0
A,108,next_hop_changes,0.0
A,108,route_unavailable_samples,0.0
A,108,signal_transitions,0.0
A,108,failure_transitions,0.0
A,108,recoveries,0.0
A,109,pdr_percent,0.0
A,109,min_flow_pdr_percent,0.0
A,109,delay_p50_ms,0.0
A,109,delay_p95_ms,0.0
A,109,goodput_kbps,0.0
A,109,normalized_overhead,0.0
A,109,recovery_seconds,0.0
A,109,next_hop_changes,0.0
A,109,route_unavailable_samples,0.0
A,109,signal_transitions,0.0
A,109,failure_transitions,0.0
A,109,recoveries,0.0
A,110,pdr_percent,0.0
A,110,min_flow_pdr_percent,0.0
A,110,delay_p50_ms,0.0
A,110,delay_p95_ms,0.0
A,110,goodput_kbps,0.0
A,110,normalized_overhead,0.0
A,110,recovery_seconds,0.0
A,110,next_hop_changes,0.0
A,110,route_unavailable_samples,0.0
A,110,signal_transitions,0.0
A,110,failure_transitions,0.0
A,110,recoveries,0.0
A,111,pdr_percent,0.0
A,111,min_flow_pdr_percent,0.0
A,111,delay_p50_ms,0.0
A,111,delay_p95_ms,0.0
A,111,goodput_kbps,0.0
A,111,normalized_overhead,0.0
A,111,recovery_seconds,0.0
A,111,next_hop_changes,0.0
A,111,route_unavailable_samples,0.0
A,111,signal_transitions,0.0
A,111,failure_transitions,0.0
A,111,recoveries,0.0
A,112,pdr_percent,0.0
A,112,min_flow_pdr_percent,0.0
A,112,delay_p50_ms,0.0
A,112,delay_p95_ms,0.0
A,112,goodput_kbps,0.0
A,112,normalized_overhead,0.0
A,112,recovery_seconds,0.0
A,112,next_hop_changes,0.0
A,112,route_unavailable_samples,0.0
A,112,signal_transitions,0.0
A,112,failure_transitions,0.0
A,112,recoveries,0.0
A,113,pdr_percent,0.0
A,113,min_flow_pdr_percent,0.0
A,113,delay_p50_ms,0.0
A,113,delay_p95_ms,0.0
A,113,goodput_kbps,0.0
A,113,normalized_overhead,0.0
A,113,recovery_seconds,0.0
A,113,next_hop_changes,0.0
A,113,route_unavailable_samples,0.0
A,113,signal_transitions,0.0
A,113,failure_transitions,0.0
A,113,recoveries,0.0
A,114,pdr_percent,0.0
A,114,min_flow_pdr_percent,0.0
A,114,delay_p50_ms,0.0
A,114,delay_p95_ms,0.0
A,114,goodput_kbps,0.0
A,114,normalized_overhead,0.0
A,114,recovery_seconds,0.0
A,114,next_hop_changes,0.0
A,114,route_unavailable_samples,0.0
A,114,signal_transitions,0.0
A,114,failure_transitions,0.0
A,114,recoveries,0.0
A,115,pdr_percent,0.0
A,115,min_flow_pdr_percent,0.0
A,115,delay_p50_ms,0.0
A,115,delay_p95_ms,0.0
A,115,goodput_kbps,0.0
A,115,normalized_overhead,0.0
A,115,recovery_seconds,0.0
A,115,next_hop_changes,0.0
A,115,route_unavailable_samples,0.0
A,115,signal_transitions,0.0
A,115,failure_transitions,0.0
A,115,recoveries,0.0
A,116,pdr_percent,0.0
A,116,min_flow_pdr_percent,0.0
A,116,delay_p50_ms,0.0
A,116,delay_p95_ms,0.0
A,116,goodput_kbps,0.0
A,116,normalized_overhead,0.0
A,116,recovery_seconds,0.0
A,116,next_hop_changes,0.0
A,116,route_unavailable_samples,0.0
A,116,signal_transitions,0.0
A,116,failure_transitions,0.0
A,116,recoveries,0.0
A,117,pdr_percent,0.0
A,117,min_flow_pdr_percent,0.0
A,117,delay_p50_ms,0.0
A,117,delay_p95_ms,0.0
A,117,goodput_kbps,0.0
A,117,normalized_overhead,0.0
A,117,recovery_seconds,0.0
A,117,next_hop_changes,0.0
A,117,route_unavailable_samples,0.0
A,117,signal_transitions,0.0
A,117,failure_transitions,0.0
A,117,recoveries,0.0
A,118,pdr_percent,0.0
A,118,min_flow_pdr_percent,0.0
A,118,delay_p50_ms,0.0
A,118,delay_p95_ms,0.0
A,118,goodput_kbps,0.0
A,118,normalized_overhead,0.0
A,118,recovery_seconds,0.0
A,118,next_hop_changes,0.0
A,118,route_unavailable_samples,0.0
A,118,signal_transitions,0.0
A,118,failure_transitions,0.0
A,118,recoveries,0.0
A,119,pdr_percent,0.0
A,119,min_flow_pdr_percent,0.0
A,119,delay_p50_ms,0.0
A,119,delay_p95_ms,0.0
A,119,goodput_kbps,0.0
A,119,normalized_overhead,0.0
A,119,recovery_seconds,0.0
A,119,next_hop_changes,0.0
A,119,route_unavailable_samples,0.0
A,119,signal_transitions,0.0
A,119,failure_transitions,0.0
A,119,recoveries,0.0
A,120,pdr_percent,0.0
A,120,min_flow_pdr_percent,0.0
A,120,delay_p50_ms,0.0
A,120,delay_p95_ms,0.0
A,120,goodput_kbps,0.0
A,120,normalized_overhead,0.0
A,120,recovery_seconds,0.0
A,120,next_hop_changes,0.0
A,120,route_unavailable_samples,0.0
A,120,signal_transitions,0.0
A,120,failure_transitions,0.0
A,120,recoveries,0.0
B,101,pdr_percent,0.0
B,101,min_flow_pdr_percent,0.0
B,101,delay_p50_ms,0.0
B,101,delay_p95_ms,-1.0
B,101,goodput_kbps,0.0
B,101,normalized_overhead,0.001288000000000001
B,101,recovery_seconds,0.0
B,101,next_hop_changes,-3.0
B,101,route_unavailable_samples,0.0
B,101,signal_transitions,1.0
B,101,failure_transitions,0.0
B,101,recoveries,0.0
B,102,pdr_percent,-0.4752819999999929
B,102,min_flow_pdr_percent,-1.8084699999999998
B,102,delay_p50_ms,0.0
B,102,delay_p95_ms,1.0
B,102,goodput_kbps,-7.918932999999981
B,102,normalized_overhead,0.0015720000000000005
B,102,recovery_seconds,-1.0
B,102,next_hop_changes,-5.0
B,102,route_unavailable_samples,11.0
B,102,signal_transitions,1.0
B,102,failure_transitions,0.0
B,102,recoveries,0.0
B,103,pdr_percent,-0.02223500000000911
B,103,min_flow_pdr_percent,-0.044464000000004944
B,103,delay_p50_ms,0.0
B,103,delay_p95_ms,0.0
B,103,goodput_kbps,-0.09102199999995264
B,103,normalized_overhead,0.004224000000000002
B,103,recovery_seconds,0.0
B,103,next_hop_changes,0.0
B,103,route_unavailable_samples,0.0
B,103,signal_transitions,3.0
B,103,failure_transitions,0.0
B,103,recoveries,0.0
B,104,pdr_percent,2.106821999999994
B,104,min_flow_pdr_percent,3.486739
B,104,delay_p50_ms,0.0
B,104,delay_p95_ms,0.0
B,104,goodput_kbps,8.419556
B,104,normalized_overhead,0.0019470000000000008
B,104,recovery_seconds,0.0
B,104,next_hop_changes,1.0
B,104,route_unavailable_samples,0.0
B,104,signal_transitions,2.0
B,104,failure_transitions,0.0
B,104,recoveries,0.0
B,105,pdr_percent,-0.10275300000000698
B,105,min_flow_pdr_percent,-0.1214650000000006
B,105,delay_p50_ms,0.0
B,105,delay_p95_ms,0.0
B,105,goodput_kbps,-0.7281779999999571
B,105,normalized_overhead,0.0036419999999999994
B,105,recovery_seconds,0.0
B,105,next_hop_changes,-2.0
B,105,route_unavailable_samples,1.0
B,105,signal_transitions,2.0
B,105,failure_transitions,0.0
B,105,recoveries,0.0
B,106,pdr_percent,-0.022313999999994394
B,106,min_flow_pdr_percent,-0.04461299999999824
B,106,delay_p50_ms,0.0
B,106,delay_p95_ms,0.0
B,106,goodput_kbps,-0.09102200000000948
B,106,normalized_overhead,0.0012729999999999998
B,106,recovery_seconds,0.0
B,106,next_hop_changes,0.0
B,106,route_unavailable_samples,0.0
B,106,signal_transitions,1.0
B,106,failure_transitions,0.0
B,106,recoveries,0.0
B,107,pdr_percent,-0.30063499999999976
B,107,min_flow_pdr_percent,-0.6005339999999961
B,107,delay_p50_ms,0.0
B,107,delay_p95_ms,1.0
B,107,goodput_kbps,-1.2287999999999784
B,107,normalized_overhead,0.003887999999999999
B,107,recovery_seconds,0.0
B,107,next_hop_changes,2.0
B,107,route_unavailable_samples,0.0
B,107,signal_transitions,2.0
B,107,failure_transitions,0.0
B,107,recoveries,0.0
B,108,pdr_percent,0.0
B,108,min_flow_pdr_percent,0.0
B,108,delay_p50_ms,0.0
B,108,delay_p95_ms,1.0
B,108,goodput_kbps,0.0
B,108,normalized_overhead,0.003100000000000002
B,108,recovery_seconds,0.0
B,108,next_hop_changes,0.0
B,108,route_unavailable_samples,0.0
B,108,signal_transitions,2.0
B,108,failure_transitions,0.0
B,108,recoveries,0.0
B,109,pdr_percent,0.0
B,109,min_flow_pdr_percent,0.0
B,109,delay_p50_ms,0.0
B,109,delay_p95_ms,1.0
B,109,goodput_kbps,0.0
B,109,normalized_overhead,0.0013779999999999973
B,109,recovery_seconds,0.0
B,109,next_hop_changes,0.0
B,109,route_unavailable_samples,0.0
B,109,signal_transitions,1.0
B,109,failure_transitions,0.0
B,109,recoveries,0.0
B,110,pdr_percent,0.2673499999999933
B,110,min_flow_pdr_percent,0.5360730000000018
B,110,delay_p50_ms,0.0
B,110,delay_p95_ms,1.0
B,110,goodput_kbps,1.0922670000000494
B,110,normalized_overhead,0.002596000000000001
B,110,recovery_seconds,0.0
B,110,next_hop_changes,2.0
B,110,route_unavailable_samples,0.0
B,110,signal_transitions,3.0
B,110,failure_transitions,0.0
B,110,recoveries,0.0
B,111,pdr_percent,-0.011120000000005348
B,111,min_flow_pdr_percent,-0.022247000000007233
B,111,delay_p50_ms,0.0
B,111,delay_p95_ms,0.0
B,111,goodput_kbps,-0.04551099999997632
B,111,normalized_overhead,0.002485000000000001
B,111,recovery_seconds,0.0
B,111,next_hop_changes,0.0
B,111,route_unavailable_samples,0.0
B,111,signal_transitions,3.0
B,111,failure_transitions,0.0
B,111,recoveries,0.0
B,112,pdr_percent,0.0
B,112,min_flow_pdr_percent,0.0
B,112,delay_p50_ms,0.0
B,112,delay_p95_ms,1.0
B,112,goodput_kbps,0.0
B,112,normalized_overhead,0.003497
B,112,recovery_seconds,0.0
B,112,next_hop_changes,0.0
B,112,route_unavailable_samples,0.0
B,112,signal_transitions,3.0
B,112,failure_transitions,0.0
B,112,recoveries,0.0
B,113,pdr_percent,0.0
B,113,min_flow_pdr_percent,0.0
B,113,delay_p50_ms,0.0
B,113,delay_p95_ms,0.0
B,113,goodput_kbps,0.0
B,113,normalized_overhead,0.0034730000000000004
B,113,recovery_seconds,0.0
B,113,next_hop_changes,0.0
B,113,route_unavailable_samples,0.0
B,113,signal_transitions,3.0
B,113,failure_transitions,0.0
B,113,recoveries,0.0
B,114,pdr_percent,0.02226100000000031
B,114,min_flow_pdr_percent,0.0
B,114,delay_p50_ms,0.0
B,114,delay_p95_ms,0.0
B,114,goodput_kbps,0.09102199999995264
B,114,normalized_overhead,0.0013069999999999991
B,114,recovery_seconds,0.0
B,114,next_hop_changes,0.0
B,114,route_unavailable_samples,0.0
B,114,signal_transitions,1.0
B,114,failure_transitions,0.0
B,114,recoveries,0.0
B,115,pdr_percent,-0.02230400000000543
B,115,min_flow_pdr_percent,-0.04461299999999824
B,115,delay_p50_ms,0.0
B,115,delay_p95_ms,0.0
B,115,goodput_kbps,-0.09102200000000948
B,115,normalized_overhead,0.0031139999999999987
B,115,recovery_seconds,0.0
B,115,next_hop_changes,0.0
B,115,route_unavailable_samples,0.0
B,115,signal_transitions,2.0
B,115,failure_transitions,0.0
B,115,recoveries,0.0
B,116,pdr_percent,-0.022295999999997207
B,116,min_flow_pdr_percent,0.0
B,116,delay_p50_ms,0.0
B,116,delay_p95_ms,0.0
B,116,goodput_kbps,-0.09102200000000948
B,116,normalized_overhead,0.003209
B,116,recovery_seconds,0.0
B,116,next_hop_changes,0.0
B,116,route_unavailable_samples,0.0
B,116,signal_transitions,2.0
B,116,failure_transitions,0.0
B,116,recoveries,0.0
B,117,pdr_percent,0.27876899999999694
B,117,min_flow_pdr_percent,0.5584100000000092
B,117,delay_p50_ms,0.0
B,117,delay_p95_ms,-1.0
B,117,goodput_kbps,1.1377770000000282
B,117,normalized_overhead,0.0031480000000000015
B,117,recovery_seconds,0.0
B,117,next_hop_changes,2.0
B,117,route_unavailable_samples,0.0
B,117,signal_transitions,2.0
B,117,failure_transitions,0.0
B,117,recoveries,0.0
B,118,pdr_percent,-0.011149000000003184
B,118,min_flow_pdr_percent,-0.022335999999995693
B,118,delay_p50_ms,0.0
B,118,delay_p95_ms,0.0
B,118,goodput_kbps,-0.045511000000033164
B,118,normalized_overhead,0.002058000000000001
B,118,recovery_seconds,0.0
B,118,next_hop_changes,0.0
B,118,route_unavailable_samples,0.0
B,118,signal_transitions,2.0
B,118,failure_transitions,0.0
B,118,recoveries,0.0
B,119,pdr_percent,-0.5462039999999888
B,119,min_flow_pdr_percent,0.02228700000000572
B,119,delay_p50_ms,0.0
B,119,delay_p95_ms,0.0
B,119,goodput_kbps,-2.230044000000021
B,119,normalized_overhead,0.0017619999999999997
B,119,recovery_seconds,0.0
B,119,next_hop_changes,1.0
B,119,route_unavailable_samples,0.0
B,119,signal_transitions,2.0
B,119,failure_transitions,0.0
B,119,recoveries,0.0
B,120,pdr_percent,0.0
B,120,min_flow_pdr_percent,0.0
B,120,delay_p50_ms,0.0
B,120,delay_p95_ms,0.0
B,120,goodput_kbps,0.0
B,120,normalized_overhead,0.0013909999999999999
B,120,recovery_seconds,0.0
B,120,next_hop_changes,0.0
B,120,route_unavailable_samples,0.0
B,120,signal_transitions,1.0
B,120,failure_transitions,0.0
B,120,recoveries,0.0
C,101,pdr_percent,-0.28969299999999976
C,101,min_flow_pdr_percent,-0.5802279999999911
C,101,delay_p50_ms,0.0
C,101,delay_p95_ms,0.0
C,101,goodput_kbps,-1.183289000000002
C,101,normalized_overhead,0.0011670000000000014
C,101,recovery_seconds,0.0
C,101,next_hop_changes,0.0
C,101,route_unavailable_samples,0.0
C,101,signal_transitions,0.0
C,101,failure_transitions,1.0
C,101,recoveries,0.0
C,102,pdr_percent,-19.173811
C,102,min_flow_pdr_percent,-36.312575
C,102,delay_p50_ms,-1.0
C,102,delay_p95_ms,-2.0
C,102,goodput_kbps,-78.37013300000001
C,102,normalized_overhead,0.005636000000000002
C,102,recovery_seconds,29.0
C,102,next_hop_changes,3.0
C,102,route_unavailable_samples,0.0
C,102,signal_transitions,0.0
C,102,failure_transitions,1.0
C,102,recoveries,0.0
C,103,pdr_percent,0.011116999999998711
C,103,min_flow_pdr_percent,0.022232000000002472
C,103,delay_p50_ms,0.0
C,103,delay_p95_ms,0.0
C,103,goodput_kbps,0.04551099999997632
C,103,normalized_overhead,0.0011009999999999978
C,103,recovery_seconds,0.0
C,103,next_hop_changes,0.0
C,103,route_unavailable_samples,0.0
C,103,signal_transitions,0.0
C,103,failure_transitions,1.0
C,103,recoveries,0.0
C,104,pdr_percent,3.4050790000000006
C,104,min_flow_pdr_percent,6.693441000000007
C,104,delay_p50_ms,0.0
C,104,delay_p95_ms,1.0
C,104,goodput_kbps,13.607821999999999
C,104,normalized_overhead,0.0005090000000000025
C,104,recovery_seconds,-4.0
C,104,next_hop_changes,-2.0
C,104,route_unavailable_samples,0.0
C,104,signal_transitions,0.0
C,104,failure_transitions,1.0
C,104,recoveries,0.0
C,105,pdr_percent,1.0350589999999897
C,105,min_flow_pdr_percent,0.4450379999999967
C,105,delay_p50_ms,0.0
C,105,delay_p95_ms,-1.0
C,105,goodput_kbps,4.232532999999989
C,105,normalized_overhead,0.0008990000000000005
C,105,recovery_seconds,1.0
C,105,next_hop_changes,-4.0
C,105,route_unavailable_samples,0.0
C,105,signal_transitions,0.0
C,105,failure_transitions,1.0
C,105,recoveries,0.0
C,106,pdr_percent,0.3793369999999925
C,106,min_flow_pdr_percent,0.7584209999999985
C,106,delay_p50_ms,0.0
C,106,delay_p95_ms,0.0
C,106,goodput_kbps,1.5473779999999806
C,106,normalized_overhead,0.001056999999999999
C,106,recovery_seconds,-1.0
C,106,next_hop_changes,0.0
C,106,route_unavailable_samples,0.0
C,106,signal_transitions,0.0
C,106,failure_transitions,1.0
C,106,recoveries,0.0
C,107,pdr_percent,0.17815400000000636
C,107,min_flow_pdr_percent,0.5782920000000047
C,107,delay_p50_ms,0.0
C,107,delay_p95_ms,0.0
C,107,goodput_kbps,0.728178000000014
C,107,normalized_overhead,0.001060000000000002
C,107,recovery_seconds,-1.0
C,107,next_hop_changes,-2.0
C,107,route_unavailable_samples,0.0
C,107,signal_transitions,0.0
C,107,failure_transitions,1.0
C,107,recoveries,0.0
C,108,pdr_percent,-0.011142000000006647
C,108,min_flow_pdr_percent,0.0
C,108,delay_p50_ms,0.0
C,108,delay_p95_ms,0.0
C,108,goodput_kbps,-0.04551099999997632
C,108,normalized_overhead,0.0011319999999999976
C,108,recovery_seconds,0.0
C,108,next_hop_changes,0.0
C,108,route_unavailable_samples,0.0
C,108,signal_transitions,0.0
C,108,failure_transitions,1.0
C,108,recoveries,0.0
C,109,pdr_percent,-0.011135999999993373
C,109,min_flow_pdr_percent,-0.02229099999999562
C,109,delay_p50_ms,0.0
C,109,delay_p95_ms,0.0
C,109,goodput_kbps,-0.04551200000003064
C,109,normalized_overhead,0.0011189999999999985
C,109,recovery_seconds,0.0
C,109,next_hop_changes,0.0
C,109,route_unavailable_samples,0.0
C,109,signal_transitions,0.0
C,109,failure_transitions,1.0
C,109,recoveries,0.0
C,110,pdr_percent,0.0
C,110,min_flow_pdr_percent,0.0
C,110,delay_p50_ms,0.0
C,110,delay_p95_ms,0.0
C,110,goodput_kbps,0.0
C,110,normalized_overhead,0.001065
C,110,recovery_seconds,0.0
C,110,next_hop_changes,0.0
C,110,route_unavailable_samples,0.0
C,110,signal_transitions,0.0
C,110,failure_transitions,1.0
C,110,recoveries,0.0
C,111,pdr_percent,0.0
C,111,min_flow_pdr_percent,0.0
C,111,delay_p50_ms,0.0
C,111,delay_p95_ms,0.0
C,111,goodput_kbps,0.0
C,111,normalized_overhead,0.001059000000000001
C,111,recovery_seconds,0.0
C,111,next_hop_changes,2.0
C,111,route_unavailable_samples,0.0
C,111,signal_transitions,0.0
C,111,failure_transitions,1.0
C,111,recoveries,0.0
C,112,pdr_percent,0.0
C,112,min_flow_pdr_percent,0.0
C,112,delay_p50_ms,0.0
C,112,delay_p95_ms,0.0
C,112,goodput_kbps,0.0
C,112,normalized_overhead,0.001114999999999998
C,112,recovery_seconds,0.0
C,112,next_hop_changes,0.0
C,112,route_unavailable_samples,0.0
C,112,signal_transitions,0.0
C,112,failure_transitions,1.0
C,112,recoveries,0.0
C,113,pdr_percent,0.0
C,113,min_flow_pdr_percent,0.0
C,113,delay_p50_ms,0.0
C,113,delay_p95_ms,0.0
C,113,goodput_kbps,0.0
C,113,normalized_overhead,0.001132000000000001
C,113,recovery_seconds,0.0
C,113,next_hop_changes,0.0
C,113,route_unavailable_samples,0.0
C,113,signal_transitions,0.0
C,113,failure_transitions,1.0
C,113,recoveries,0.0
C,114,pdr_percent,-0.022262000000011994
C,114,min_flow_pdr_percent,-0.022256999999996196
C,114,delay_p50_ms,0.0
C,114,delay_p95_ms,0.0
C,114,goodput_kbps,-0.09102199999995264
C,114,normalized_overhead,0.001113999999999997
C,114,recovery_seconds,0.0
C,114,next_hop_changes,0.0
C,114,route_unavailable_samples,0.0
C,114,signal_transitions,0.0
C,114,failure_transitions,1.0
C,114,recoveries,0.0
C,115,pdr_percent,0.7360330000000062
C,115,min_flow_pdr_percent,1.4722289999999987
C,115,delay_p50_ms,0.0
C,115,delay_p95_ms,0.0
C,115,goodput_kbps,3.003733000000011
C,115,normalized_overhead,0.000952999999999999
C,115,recovery_seconds,0.0
C,115,next_hop_changes,-2.0
C,115,route_unavailable_samples,0.0
C,115,signal_transitions,0.0
C,115,failure_transitions,1.0
C,115,recoveries,0.0
C,116,pdr_percent,-0.4905239999999935
C,116,min_flow_pdr_percent,-1.0042399999999958
C,116,delay_p50_ms,0.0
C,116,delay_p95_ms,0.0
C,116,goodput_kbps,-2.0024889999999687
C,116,normalized_overhead,0.0011989999999999987
C,116,recovery_seconds,1.0
C,116,next_hop_changes,2.0
C,116,route_unavailable_samples,0.0
C,116,signal_transitions,0.0
C,116,failure_transitions,1.0
C,116,recoveries,0.0
C,117,pdr_percent,-0.003261000000009062
C,117,min_flow_pdr_percent,-0.013101000000006024
C,117,delay_p50_ms,0.0
C,117,delay_p95_ms,1.0
C,117,goodput_kbps,-0.4551110000000449
C,117,normalized_overhead,0.0012469999999999981
C,117,recovery_seconds,0.0
C,117,next_hop_changes,2.0
C,117,route_unavailable_samples,0.0
C,117,signal_transitions,0.0
C,117,failure_transitions,1.0
C,117,recoveries,0.0
C,118,pdr_percent,0.2675880000000035
C,118,min_flow_pdr_percent,0.5360730000000018
C,118,delay_p50_ms,0.0
C,118,delay_p95_ms,1.0
C,118,goodput_kbps,1.092265999999995
C,118,normalized_overhead,0.0011649999999999994
C,118,recovery_seconds,-1.0
C,118,next_hop_changes,2.0
C,118,route_unavailable_samples,0.0
C,118,signal_transitions,0.0
C,118,failure_transitions,1.0
C,118,recoveries,0.0
C,119,pdr_percent,0.5239100000000008
C,119,min_flow_pdr_percent,1.0697570000000098
C,119,delay_p50_ms,0.0
C,119,delay_p95_ms,0.0
C,119,goodput_kbps,2.1390220000000113
C,119,normalized_overhead,0.0010250000000000016
C,119,recovery_seconds,-1.0
C,119,next_hop_changes,0.0
C,119,route_unavailable_samples,0.0
C,119,signal_transitions,0.0
C,119,failure_transitions,1.0
C,119,recoveries,0.0
C,120,pdr_percent,0.28959700000000055
C,120,min_flow_pdr_percent,0.5803570000000065
C,120,delay_p50_ms,0.0
C,120,delay_p95_ms,0.0
C,120,goodput_kbps,1.183289000000002
C,120,normalized_overhead,0.0010780000000000026
C,120,recovery_seconds,-1.0
C,120,next_hop_changes,0.0
C,120,route_unavailable_samples,0.0
C,120,signal_transitions,0.0
C,120,failure_transitions,1.0
C,120,recoveries,0.0
