scenario,mechanism,metric,n,median,q1,q3,min,max
A,baseline,pdr_percent,20,100.0,99.84114925,100.0,97.576431,100.0
A,baseline,min_flow_pdr_percent,20,100.0,99.69856275000001,100.0,95.663776,100.0
A,baseline,delay_p50_ms,20,2.0,2.0,2.0,2.0,9.0
A,baseline,delay_p95_ms,20,2.0,2.0,2.0,2.0,21.0
A,baseline,goodput_kbps,20,408.25742249999996,407.15377775,408.6215115,391.5776,409.281422
A,baseline,normalized_overhead,20,0.017394,0.01715475,0.0175215,0.017032,0.018132
A,baseline,recovery_seconds,20,-1.0,-1.0,-1.0,-1.0,-1.0
A,baseline,next_hop_changes,20,1.0,0.0,4.0,0.0,8.0
A,baseline,route_unavailable_samples,20,0.0,0.0,0.0,0.0,15.0
A,baseline,signal_transitions,20,0.0,0.0,0.0,0.0,0.0
A,baseline,failure_transitions,20,0.0,0.0,0.0,0.0,0.0
A,baseline,recoveries,20,0.0,0.0,0.0,0.0,0.0
A,adaptive,pdr_percent,20,100.0,99.84114925,100.0,97.576431,100.0
A,adaptive,min_flow_pdr_percent,20,100.0,99.69856275000001,100.0,95.663776,100.0
A,adaptive,delay_p50_ms,20,2.0,2.0,2.0,2.0,9.0
A,adaptive,delay_p95_ms,20,2.0,2.0,2.0,2.0,21.0
A,adaptive,goodput_kbps,20,408.25742249999996,407.15377775,408.6215115,391.5776,409.281422
A,adaptive,normalized_overhead,20,0.017394,0.01715475,0.0175215,0.017032,0.018132
A,adaptive,recovery_seconds,20,-1.0,-1.0,-1.0,-1.0,-1.0
A,adaptive,next_hop_changes,20,1.0,0.0,4.0,0.0,8.0
A,adaptive,route_unavailable_samples,20,0.0,0.0,0.0,0.0,15.0
A,adaptive,signal_transitions,20,0.0,0.0,0.0,0.0,0.0
A,adaptive,failure_transitions,20,0.0,0.0,0.0,0.0,0.0
A,adaptive,recoveries,20,0.0,0.0,0.0,0.0,0.0
B,baseline,pdr_percent,20,97.0983255,96.795681,97.257677,96.089136,98.313791
B,baseline,min_flow_pdr_percent,20,94.331286,93.851314,94.57761225,92.256193,96.628712
B,baseline,delay_p50_ms,20,2.0,2.0,2.0,2.0,8.0
B,baseline,delay_p95_ms,20,2.0,2.0,3.0,2.0,19.0
B,baseline,goodput_kbps,20,396.447289,395.32088875,397.4371555,387.936711,400.861867
B,baseline,normalized_overhead,20,0.0174745,0.01727375,0.01770275,0.016992,0.018084
B,baseline,recovery_seconds,20,0.0,0.0,0.0,0.0,1.0
B,baseline,next_hop_changes,20,3.0,1.75,4.0,1.0,8.0
B,baseline,route_unavailable_samples,20,0.0,0.0,0.0,0.0,15.0
B,baseline,signal_transitions,20,0.0,0.0,0.0,0.0,0.0
B,baseline,failure_transitions,20,0.0,0.0,0.0,0.0,0.0
B,baseline,recoveries,20,0.0,0.0,0.0,0.0,0.0
B,adaptive,pdr_percent,20,97.0634205,96.67400525,97.24952574999999,95.850294,99.180048
B,adaptive,min_flow_pdr_percent,20,94.2547525,93.851314,94.49888925,92.256193,98.511282
B,adaptive,delay_p50_ms,20,2.0,2.0,2.0,2.0,8.0
B,adaptive,delay_p95_ms,20,2.0,2.0,3.0,2.0,20.0
B,adaptive,goodput_kbps,20,396.3335115,395.30951075,396.9365335,385.797689,400.861867
B,adaptive,normalized_overhead,20,0.020123000000000002,0.019193500000000002,0.02076025,0.018515,0.022065
B,adaptive,recovery_seconds,20,0.0,0.0,0.0,0.0,0.0
B,adaptive,next_hop_changes,20,3.0,1.0,4.0,1.0,9.0
B,adaptive,route_unavailable_samples,20,0.0,0.0,0.0,0.0,15.0
B,adaptive,signal_transitions,20,2.0,1.0,2.25,1.0,3.0
B,adaptive,failure_transitions,20,0.0,0.0,0.0,0.0,0.0
B,adaptive,recoveries,20,0.0,0.0,0.0,0.0,0.0
C,baseline,pdr_percent,20,97.074559,96.77344375,97.37219875,93.645371,97.603122
C,baseline,min_flow_pdr_percent,20,94.341041,93.90115349999999,94.733756,88.621151,95.246597
C,baseline,delay_p50_ms,20,2.0,2.0,2.0,2.0,9.0
C,baseline,delay_p95_ms,20,2.0,2.0,3.0,2.0,20.0
C,baseline,goodput_kbps,20,396.60657749999996,395.07057799999995,397.73297775000003,374.237867,398.813867
C,baseline,normalized_overhead,20,0.016946999999999997,0.016731750000000004,0.017161,0.016657,0.017813
C,baseline,recovery_seconds,20,5.0,5.0,6.0,4.0,8.0
C,baseline,next_hop_changes,20,3.0,1.0,4.0,1.0,11.0
C,baseline,route_unavailable_samples,20,0.0,0.0,0.0,0.0,15.0
C,baseline,signal_transitions,20,0.0,0.0,0.0,0.0,0.0
C,baseline,failure_transitions,20,0.0,0.0,0.0,0.0,0.0
C,baseline,recoveries,20,0.0,0.0,0.0,0.0,0.0
C,adaptive,pdr_percent,20,97.209848,97.070726,97.35163849999999,76.338938,97.599107
C,adaptive,min_flow_pdr_percent,20,94.6075285,94.32224500000001,94.89650975,58.060201,95.314592
C,adaptive,delay_p50_ms,20,2.0,2.0,2.0,2.0,8.0
C,adaptive,delay_p95_ms,20,2.0,2.0,3.0,2.0,20.0
C,adaptive,goodput_kbps,20,396.9251555,396.265244,397.73297775000003,312.024178,398.813867
C,adaptive,normalized_overhead,20,0.018016,0.017851750000000003,0.018251249999999997,0.017771,0.02306
C,adaptive,recovery_seconds,20,5.0,5.0,5.0,4.0,36.0
C,adaptive,next_hop_changes,20,3.0,1.0,4.25,1.0,9.0
C,adaptive,route_unavailable_samples,20,0.0,0.0,0.0,0.0,15.0
C,adaptive,signal_transitions,20,0.0,0.0,0.0,0.0,0.0
C,adaptive,failure_transitions,20,1.0,1.0,1.0,1.0,1.0
C,adaptive,recoveries,20,0.0,0.0,0.0,0.0,0.0
