scenario,variant,run,tx_packets,rx_packets,lost_packets,pdr_percent,min_flow_pdr_percent,mean_delay_ms,delay_p50_ms,delay_p95_ms,goodput_kbps,olsr_control_packets,olsr_control_bytes,normalized_overhead,recovery_seconds,next_hop_changes,route_unavailable_samples,signal_transitions,failure_transitions,recoveries,disrupted_node
C,detection_only,101,8975,8751,224,97.504178,95.001116,1.989394,2.000000,2.000000,398.267733,788,74684,0.016669,5.000000,1,0,0,1,0,9
C,hello_only,101,8975,8725,250,97.214485,94.420888,2.174083,2.000000,2.000000,397.084444,860,79676,0.017836,5.000000,1,0,0,1,0,9
C,tc_only,101,8975,8751,224,97.504178,95.001116,1.989394,2.000000,2.000000,398.267733,788,74684,0.016669,5.000000,1,0,0,1,0,9
C,failure20,101,8975,8725,250,97.214485,94.420888,2.174083,2.000000,2.000000,397.084444,860,79676,0.017836,5.000000,1,0,0,1,0,9
C,failure80,101,8975,8751,224,97.504178,95.001116,1.989394,2.000000,2.000000,398.267733,788,74684,0.016669,5.000000,1,0,0,0,0,9
B,signal78,101,8975,8853,122,98.640669,97.991520,2.812513,2.000000,4.000000,402.909867,2841,290004,0.063980,0.000000,12,0,15,0,0,9
B,signal84,101,8975,8688,287,96.802228,93.595180,2.030584,2.000000,3.000000,395.400533,874,82248,0.018490,0.000000,4,0,0,1,0,9
C,detection_only,102,8981,8578,403,95.512749,94.372776,10.527038,9.000000,20.000000,390.394311,835,76524,0.017424,7.000000,3,0,0,1,0,6
C,hello_only,102,8981,6856,2125,76.338938,58.060201,8.853271,8.000000,18.000000,312.024178,896,80948,0.023060,36.000000,6,0,0,1,0,6
C,tc_only,102,8981,8578,403,95.512749,94.372776,10.527038,9.000000,20.000000,390.394311,835,76524,0.017424,7.000000,3,0,0,1,0,6
C,failure20,102,8981,8668,313,96.514865,94.016904,25.646255,9.000000,21.000000,394.490311,927,83188,0.018744,5.000000,5,0,0,2,0,6
C,failure80,102,8981,8578,403,95.512749,94.372776,10.527038,9.000000,20.000000,390.394311,835,76524,0.017424,7.000000,3,0,0,0,0,6
B,signal78,102,8804,8604,200,97.728305,97.653224,11.496869,9.000000,24.000000,391.577600,3093,312584,0.070957,0.000000,44,14,16,0,0,9
B,signal84,102,8981,6162,2819,68.611513,37.544484,6.154549,5.000000,17.000000,280.439467,929,84824,0.026886,-2.000000,1,0,0,1,0,6
C,detection_only,103,8995,8706,289,96.787104,94.642063,2.681317,2.000000,2.000000,396.219733,839,76936,0.017260,5.000000,2,0,0,1,0,9
C,hello_only,103,8995,8707,288,96.798221,94.664295,2.678577,2.000000,2.000000,396.265244,911,81852,0.018361,5.000000,2,0,0,1,0,9
C,tc_only,103,8995,8706,289,96.787104,94.642063,2.683783,2.000000,2.000000,396.219733,851,77300,0.017342,5.000000,2,0,0,1,0,9
C,failure20,103,8995,8707,288,96.798221,94.664295,2.678577,2.000000,2.000000,396.265244,911,81852,0.018361,5.000000,2,0,0,1,0,9
C,failure80,103,8995,8706,289,96.787104,94.642063,2.681317,2.000000,2.000000,396.219733,839,76936,0.017260,5.000000,2,0,0,0,0,9
B,signal78,103,8968,7924,1044,88.358608,78.897042,2.484674,2.000000,3.000000,360.630044,2996,301364,0.074281,21.000000,7,2,16,0,0,9
B,signal84,103,8995,8696,299,96.675931,94.419742,2.345671,2.000000,3.000000,395.764622,938,85080,0.019109,0.000000,2,0,0,1,0,9
C,detection_only,104,8781,8223,558,93.645371,88.621151,8.479489,8.000000,19.000000,374.237867,784,74996,0.017813,8.000000,11,15,0,1,0,6
C,hello_only,104,8781,8522,259,97.050450,95.314592,10.053471,8.000000,20.000000,387.845689,856,79944,0.018322,4.000000,9,15,0,1,0,6
C,tc_only,104,8781,8223,558,93.645371,88.621151,8.479489,8.000000,19.000000,374.237867,784,74996,0.017813,8.000000,11,15,0,1,0,6
C,failure20,104,8781,8522,259,97.050450,95.314592,10.053471,8.000000,20.000000,387.845689,856,79944,0.018322,4.000000,9,15,0,1,0,6
C,failure80,104,8781,8223,558,93.645371,88.621151,8.479489,8.000000,19.000000,374.237867,784,74996,0.017813,8.000000,11,15,0,0,0,6
B,signal78,104,8939,8810,129,98.556886,98.370536,10.461716,8.000000,21.000000,400.952889,2942,301916,0.066933,0.000000,24,2,16,0,0,6
B,signal84,104,8781,8524,257,97.073226,95.024543,8.419891,8.000000,19.000000,387.936711,809,78140,0.017904,0.000000,8,15,0,0,0,6
C,detection_only,105,8985,8531,454,94.947134,93.079662,5.770413,2.000000,3.000000,388.255289,819,75668,0.017324,5.000000,7,0,0,1,0,6
C,hello_only,105,8985,8624,361,95.982193,93.524700,3.604540,2.000000,2.000000,392.487822,888,80464,0.018223,6.000000,3,0,0,1,0,6
C,tc_only,105,8985,8741,244,97.284363,94.637294,2.040566,2.000000,2.000000,397.812622,830,76180,0.017022,5.000000,1,0,0,1,0,6
C,failure20,105,8906,8686,220,97.529755,95.016988,2.390727,2.000000,3.000000,395.309511,887,80800,0.018169,6.000000,5,7,0,1,0,6
C,failure80,105,8985,8531,454,94.947134,93.079662,5.770413,2.000000,3.000000,388.255289,819,75668,0.017324,5.000000,7,0,0,0,0,6
B,signal78,105,8960,8833,127,98.582589,97.158201,2.661307,2.000000,3.000000,401.999644,2938,296232,0.065502,5.000000,6,2,16,0,0,6
B,signal84,105,8985,8745,240,97.328881,94.659546,2.012919,2.000000,2.000000,397.994667,918,84128,0.018789,0.000000,1,0,0,1,0,6
C,detection_only,106,8963,8683,280,96.876046,93.754182,2.508253,2.000000,2.000000,395.172978,778,74392,0.016733,6.000000,1,0,0,1,0,9
C,hello_only,106,8963,8717,246,97.255383,94.512603,1.982081,2.000000,2.000000,396.720356,851,79400,0.017790,5.000000,1,0,0,1,0,9
C,tc_only,106,8963,8683,280,96.876046,93.754182,2.508253,2.000000,2.000000,395.172978,778,74392,0.016733,6.000000,1,0,0,1,0,9
C,failure20,106,8963,8717,246,97.255383,94.512603,1.982081,2.000000,2.000000,396.720356,851,79400,0.017790,5.000000,1,0,0,1,0,9
C,failure80,106,8963,8683,280,96.876046,93.754182,2.508253,2.000000,2.000000,395.172978,778,74392,0.016733,6.000000,1,0,0,0,0,9
B,signal78,106,8961,8871,90,98.995648,98.460165,3.375839,2.000000,3.000000,403.729067,2873,292396,0.064377,0.000000,11,0,16,0,0,9
B,signal84,106,8963,8711,252,97.188441,94.378764,1.986117,2.000000,2.000000,396.447289,871,82172,0.018424,0.000000,1,0,0,1,0,9
C,detection_only,107,8981,8714,267,97.027057,94.083630,2.207146,2.000000,2.000000,396.583822,813,75432,0.016907,6.000000,4,0,0,1,0,9
C,hello_only,107,8981,8730,251,97.205211,94.661922,2.377531,2.000000,2.000000,397.312000,883,80308,0.017967,5.000000,2,0,0,1,0,9
C,tc_only,107,8981,8714,267,97.027057,94.083630,2.207146,2.000000,2.000000,396.583822,813,75432,0.016907,6.000000,4,0,0,1,0,9
C,failure20,107,8981,8740,241,97.316557,94.661922,2.025106,2.000000,2.000000,397.767111,886,80552,0.018001,5.000000,2,0,0,1,0,9
C,failure80,107,8981,8714,267,97.027057,94.083630,2.207146,2.000000,2.000000,396.583822,813,75432,0.016907,6.000000,4,0,0,0,0,9
B,signal78,107,8960,8866,94,98.950893,97.953737,3.190858,2.000000,4.000000,403.501511,2968,300328,0.066160,0.000000,12,2,16,0,0,9
B,signal84,107,8981,8735,246,97.260884,94.572954,2.014132,2.000000,2.000000,397.539556,900,83220,0.018608,0.000000,2,0,0,1,0,9
C,detection_only,108,8975,8719,256,97.147632,94.309306,3.062112,2.000000,2.000000,396.811378,791,74960,0.016792,4.000000,3,0,0,1,0,6
C,hello_only,108,8975,8718,257,97.136490,94.309306,3.141337,2.000000,2.000000,396.765867,866,80008,0.017924,4.000000,3,0,0,1,0,6
C,tc_only,108,8975,8719,256,97.147632,94.309306,3.062112,2.000000,2.000000,396.811378,791,74960,0.016792,4.000000,3,0,0,1,0,6
C,failure20,108,8975,8718,257,97.136490,94.309306,3.141337,2.000000,2.000000,396.765867,866,80008,0.017924,4.000000,3,0,0,1,0,6
C,failure80,108,8975,8719,256,97.147632,94.309306,3.062112,2.000000,2.000000,396.811378,791,74960,0.016792,4.000000,3,0,0,0,0,6
B,signal78,108,8975,8815,160,98.217270,96.920330,2.958845,2.000000,4.000000,401.180444,2893,297724,0.065966,0.000000,10,0,16,0,0,6
B,signal84,108,8975,8625,350,96.100279,92.256193,3.111588,2.000000,2.000000,392.533333,880,82828,0.018756,0.000000,3,0,0,1,0,6
C,detection_only,109,8980,8735,245,97.271715,94.538564,2.001452,2.000000,2.000000,397.539556,788,74680,0.016698,5.000000,3,0,0,1,0,6
C,hello_only,109,8980,8734,246,97.260579,94.516273,2.016257,2.000000,2.000000,397.494044,860,79672,0.017817,5.000000,3,0,0,1,0,6
C,tc_only,109,8980,8735,245,97.271715,94.538564,2.001452,2.000000,2.000000,397.539556,788,74680,0.016698,5.000000,3,0,0,1,0,6
C,failure20,109,8980,8734,246,97.260579,94.516273,2.016257,2.000000,2.000000,397.494044,860,79672,0.017817,5.000000,3,0,0,1,0,6
C,failure80,109,8980,8735,245,97.271715,94.538564,2.001452,2.000000,2.000000,397.539556,788,74680,0.016698,5.000000,3,0,0,0,0,6
B,signal78,109,8980,8922,58,99.354120,98.707089,2.833197,2.000000,3.000000,406.050133,2835,290800,0.063659,0.000000,16,0,16,0,0,9
B,signal84,109,8980,8709,271,96.982183,93.958984,2.049755,2.000000,3.000000,396.356267,883,82644,0.018534,0.000000,3,0,0,1,0,6
C,detection_only,110,8977,8739,238,97.348780,94.683940,1.995952,2.000000,2.000000,397.721600,830,76272,0.017046,5.000000,1,0,0,1,0,6
C,hello_only,110,8977,8739,238,97.348780,94.683940,1.999980,2.000000,2.000000,397.721600,899,81036,0.018111,5.000000,1,0,0,1,0,6
C,tc_only,110,8977,8739,238,97.348780,94.683940,1.995952,2.000000,2.000000,397.721600,830,76272,0.017046,5.000000,1,0,0,1,0,6
C,failure20,110,8977,8741,236,97.371059,94.728613,1.994714,2.000000,2.000000,397.812622,903,81424,0.018194,5.000000,1,0,0,1,0,6
C,failure80,110,8977,8739,238,97.348780,94.683940,1.995952,2.000000,2.000000,397.721600,830,76272,0.017046,5.000000,1,0,0,0,0,6
B,signal78,110,8977,8809,168,98.128551,96.247487,4.217591,2.000000,4.000000,400.907378,2953,298952,0.066283,0.000000,10,0,16,0,0,6
B,signal84,110,8977,8700,277,96.914337,93.812821,2.009143,2.000000,2.000000,395.946667,914,84264,0.018917,0.000000,1,0,0,1,0,6
C,detection_only,111,8993,8763,230,97.442455,94.883204,2.006521,2.000000,2.000000,398.813867,806,75368,0.016798,5.000000,2,0,0,1,0,6
C,hello_only,111,8993,8763,230,97.442455,94.883204,2.004876,2.000000,2.000000,398.813867,875,80116,0.017857,5.000000,4,0,0,1,0,6
C,tc_only,111,8993,8763,230,97.442455,94.883204,2.006521,2.000000,2.000000,398.813867,806,75368,0.016798,5.000000,2,0,0,1,0,6
C,failure20,111,8993,8761,232,97.420216,94.860957,1.994324,2.000000,2.000000,398.722844,879,80420,0.017928,5.000000,2,0,0,1,0,6
C,failure80,111,8993,8763,230,97.442455,94.883204,2.006521,2.000000,2.000000,398.813867,806,75368,0.016798,5.000000,2,0,0,0,0,6
B,signal78,111,8993,8916,77,99.143778,98.731924,3.347447,2.000000,4.000000,405.777067,3017,303468,0.066477,0.000000,12,0,16,0,0,9
B,signal84,111,8993,8744,249,97.231180,94.460512,1.990615,2.000000,2.000000,397.949156,887,82836,0.018503,0.000000,2,0,0,1,0,6
C,detection_only,112,8955,8740,215,97.599107,95.199821,2.708882,2.000000,3.000000,397.767111,792,75400,0.016850,5.000000,6,0,0,1,0,9
C,hello_only,112,8955,8740,215,97.599107,95.199821,2.723873,2.000000,3.000000,397.767111,864,80392,0.017965,5.000000,6,0,0,1,0,9
C,tc_only,112,8955,8740,215,97.599107,95.199821,2.708882,2.000000,3.000000,397.767111,792,75400,0.016850,5.000000,6,0,0,1,0,9
C,failure20,112,8955,8740,215,97.599107,95.199821,2.723873,2.000000,3.000000,397.767111,864,80392,0.017965,5.000000,6,0,0,1,0,9
C,failure80,112,8955,8740,215,97.599107,95.199821,2.708882,2.000000,3.000000,397.767111,792,75400,0.016850,5.000000,6,0,0,0,0,9
B,signal78,112,8955,8773,182,97.967616,96.450100,3.251058,2.000000,3.000000,399.268978,2838,291204,0.064830,4.000000,12,0,15,0,0,6
B,signal84,112,8955,8804,151,98.313791,96.628712,2.688332,2.000000,3.000000,400.679822,891,83564,0.018538,0.000000,6,0,0,1,0,9
C,detection_only,113,8974,8729,245,97.269891,94.553135,1.997412,2.000000,2.000000,397.266489,778,74468,0.016662,5.000000,1,0,0,1,0,9
C,hello_only,113,8974,8729,245,97.269891,94.553135,1.979752,2.000000,2.000000,397.266489,850,79524,0.017794,5.000000,1,0,0,1,0,9
C,tc_only,113,8974,8729,245,97.269891,94.553135,1.997412,2.000000,2.000000,397.266489,778,74468,0.016662,5.000000,1,0,0,1,0,9
C,failure20,113,8974,8729,245,97.269891,94.553135,1.979752,2.000000,2.000000,397.266489,850,79524,0.017794,5.000000,1,0,0,1,0,9
C,failure80,113,8974,8729,245,97.269891,94.553135,1.997412,2.000000,2.000000,397.266489,778,74468,0.016662,5.000000,1,0,0,0,0,9
B,signal78,113,8952,8836,116,98.704200,98.488217,4.286406,2.000000,4.000000,402.136178,2868,291668,0.064471,0.000000,12,2,16,0,0,9
B,signal84,113,8974,8808,166,98.150212,96.309471,1.991523,2.000000,2.000000,400.861867,867,82100,0.018205,0.000000,1,0,0,1,0,9
C,detection_only,114,8984,8760,224,97.506679,95.014467,2.079469,2.000000,2.000000,398.677333,784,74708,0.016657,5.000000,1,0,0,1,0,6
C,hello_only,114,8984,8758,226,97.484417,94.992210,2.076690,2.000000,2.000000,398.586311,857,79688,0.017771,5.000000,1,0,0,1,0,6
C,tc_only,114,8984,8760,224,97.506679,95.014467,2.079469,2.000000,2.000000,398.677333,784,74708,0.016657,5.000000,1,0,0,1,0,6
C,failure20,114,8984,8758,226,97.484417,94.992210,2.076690,2.000000,2.000000,398.586311,857,79688,0.017771,5.000000,1,0,0,1,0,6
C,failure80,114,8984,8760,224,97.506679,95.014467,2.079469,2.000000,2.000000,398.677333,784,74708,0.016657,5.000000,1,0,0,0,0,6
B,signal78,114,8984,8940,44,99.510240,99.154240,3.478936,2.000000,6.000000,406.869333,2843,287956,0.062910,1.000000,13,0,16,0,0,6
B,signal84,114,8984,8741,243,97.295191,94.591587,2.083911,2.000000,2.000000,397.812622,886,83096,0.018567,0.000000,2,0,0,1,0,6
C,detection_only,115,8967,8674,293,96.732463,93.464198,5.254587,2.000000,3.000000,394.763378,806,76068,0.017128,5.000000,5,0,0,1,0,9
C,hello_only,115,8967,8740,227,97.468496,94.936427,2.068187,2.000000,3.000000,397.767111,873,80912,0.018081,5.000000,3,0,0,1,0,9
C,tc_only,115,8967,8674,293,96.732463,93.464198,5.254587,2.000000,3.000000,394.763378,806,76068,0.017128,5.000000,5,0,0,1,0,9
C,failure20,115,8967,8741,226,97.479648,94.958733,2.058802,2.000000,3.000000,397.812622,877,80908,0.018078,5.000000,4,0,0,1,0,9
C,failure80,115,8967,8674,293,96.732463,93.464198,5.254587,2.000000,3.000000,394.763378,806,76068,0.017128,5.000000,5,0,0,0,0,9
B,signal78,115,8967,8852,115,98.717520,97.970109,3.544002,2.000000,4.000000,402.864356,2992,304376,0.067158,0.000000,18,0,16,0,0,9
B,signal84,115,8967,8695,272,96.966656,93.932634,2.230728,2.000000,3.000000,395.719111,887,83220,0.018693,0.000000,3,0,0,1,0,9
C,detection_only,116,8970,8755,215,97.603122,95.246597,2.659314,2.000000,2.000000,398.449778,827,76368,0.017037,5.000000,3,0,0,1,0,9
C,hello_only,116,8970,8711,259,97.112598,94.242357,2.551947,2.000000,2.000000,396.447289,898,81332,0.018236,6.000000,5,0,0,1,0,9
C,tc_only,116,8970,8755,215,97.603122,95.246597,2.659314,2.000000,2.000000,398.449778,827,76368,0.017037,5.000000,3,0,0,1,0,9
C,failure20,116,8970,8711,259,97.112598,94.242357,2.551947,2.000000,2.000000,396.447289,898,81332,0.018236,6.000000,5,0,0,1,0,9
C,failure80,116,8970,8755,215,97.603122,95.246597,2.659314,2.000000,2.000000,398.449778,827,76368,0.017037,5.000000,3,0,0,0,0,9
B,signal78,116,8967,8766,201,97.758448,95.578383,5.429236,2.000000,4.000000,398.950400,2997,301936,0.067273,0.000000,20,0,16,0,0,9
B,signal84,116,8970,8731,239,97.335563,94.688686,2.721369,2.000000,2.000000,397.357511,917,84072,0.018807,0.000000,4,0,0,1,0,9
C,detection_only,117,8968,8706,262,97.078501,94.147867,3.105731,2.000000,2.000000,396.219733,831,76224,0.017100,5.000000,2,0,0,1,0,6
C,hello_only,117,8958,8696,262,97.075240,94.134766,3.126351,2.000000,3.000000,395.764622,913,81688,0.018347,5.000000,4,0,0,1,0,6
C,tc_only,117,8968,8706,262,97.078501,94.147867,3.105731,2.000000,2.000000,396.219733,831,76224,0.017100,5.000000,2,0,0,1,0,6
C,failure20,117,8958,8696,262,97.075240,94.134766,3.126351,2.000000,3.000000,395.764622,913,81688,0.018347,5.000000,4,0,0,1,0,6
C,failure80,117,8968,8706,262,97.078501,94.147867,3.105731,2.000000,2.000000,396.219733,831,76224,0.017100,5.000000,2,0,0,0,0,6
B,signal78,117,8968,8893,75,99.163693,98.324771,2.615137,2.000000,4.000000,404.730311,2939,297712,0.065385,0.000000,12,0,16,0,0,9
B,signal84,117,8968,8701,267,97.022748,94.036185,2.017452,2.000000,2.000000,395.992178,909,83708,0.018790,0.000000,1,0,0,1,0,9
C,detection_only,118,8969,8691,278,96.900435,93.790485,2.343297,2.000000,2.000000,395.537067,782,74436,0.016728,6.000000,3,0,0,1,0,6
C,hello_only,118,8969,8715,254,97.168023,94.326558,2.213410,2.000000,3.000000,396.629333,861,79840,0.017893,5.000000,5,0,0,1,0,6
C,tc_only,118,8969,8691,278,96.900435,93.790485,2.343297,2.000000,2.000000,395.537067,782,74436,0.016728,6.000000,3,0,0,1,0,6
C,failure20,118,8969,8715,254,97.168023,94.326558,2.213410,2.000000,3.000000,396.629333,861,79840,0.017893,5.000000,5,0,0,1,0,6
C,failure80,118,8969,8691,278,96.900435,93.790485,2.343297,2.000000,2.000000,395.537067,782,74436,0.016728,6.000000,3,0,0,0,0,6
B,signal78,118,8923,8854,69,99.226717,98.448043,2.631148,2.000000,3.000000,402.955378,2864,302212,0.066666,2.000000,14,4,16,0,0,5
B,signal84,118,8969,8711,258,97.123425,94.237212,2.010505,2.000000,2.000000,396.447289,881,82460,0.018489,0.000000,3,0,0,1,0,6
C,detection_only,119,8971,8660,311,96.533274,93.938043,2.640356,2.000000,3.000000,394.126222,842,76584,0.017272,6.000000,4,0,0,1,0,6
C,hello_only,119,8971,8707,264,97.057184,95.007800,2.309538,2.000000,3.000000,396.265244,913,81568,0.018297,5.000000,4,0,0,1,0,6
C,tc_only,119,8971,8660,311,96.533274,93.938043,2.640356,2.000000,3.000000,394.126222,842,76584,0.017272,6.000000,4,0,0,1,0,6
C,failure20,119,8971,8707,264,97.057184,95.007800,2.309538,2.000000,3.000000,396.265244,913,81568,0.018297,5.000000,4,0,0,1,0,6
C,failure80,119,8971,8660,311,96.533274,93.938043,2.640356,2.000000,3.000000,394.126222,842,76584,0.017272,6.000000,4,0,0,0,0,6
B,signal78,119,8925,8844,81,99.092437,98.243639,2.805802,2.000000,3.000000,402.500267,2915,297112,0.065615,0.000000,8,4,15,0,0,6
B,signal84,119,8971,8712,259,97.112919,94.250056,2.344312,2.000000,2.000000,396.492800,931,84460,0.018935,0.000000,3,0,0,1,0,6
C,detection_only,120,8978,8715,263,97.070617,94.129464,2.213518,2.000000,2.000000,396.629333,814,75796,0.016987,6.000000,1,0,0,1,0,9
C,hello_only,120,8978,8741,237,97.360214,94.709821,2.058252,2.000000,2.000000,397.812622,886,80848,0.018065,5.000000,1,0,0,1,0,9
C,tc_only,120,8978,8715,263,97.070617,94.129464,2.213518,2.000000,2.000000,396.629333,814,75796,0.016987,6.000000,1,0,0,1,0,9
C,failure20,120,8978,8741,237,97.360214,94.709821,2.058252,2.000000,2.000000,397.812622,886,80848,0.018065,5.000000,1,0,0,1,0,9
C,failure80,120,8978,8715,263,97.070617,94.129464,2.213518,2.000000,2.000000,396.629333,814,75796,0.016987,6.000000,1,0,0,0,0,9
B,signal78,120,8978,8876,102,98.863890,97.879464,6.296853,2.000000,7.000000,403.956622,2996,304060,0.066907,0.000000,18,0,16,0,0,6
B,signal84,120,8978,8714,264,97.059479,94.107143,2.070011,2.000000,2.000000,396.583822,908,83848,0.018793,0.000000,1,0,0,1,0,9
C,failure_disabled,102,8981,8578,403,95.512749,94.372776,10.527038,9.000000,20.000000,390.394311,835,76524,0.017424,7.000000,3,0,0,0,0,6
